filename,width,height,class,xmin,ymin,xmax,ymax
face-14.jpg,1024,684,facew,819,36,880,103
face-14.jpg,1024,684,facew,710,64,775,130
face-14.jpg,1024,684,facew,638,79,696,148
face-14.jpg,1024,684,facew,552,30,610,92
face-14.jpg,1024,684,facew,259,43,327,110
face-14.jpg,1024,684,facew,101,84,157,142
face-28.jpg,1024,1536,facew,470,141,778,523
face-139.jpg,1024,1094,facew,499,35,786,516
face-111.jpg,1024,681,facew,420,128,587,343
frame3.8.jpg,1280,720,hand,127,330,395,665
frame3.8.jpg,1280,720,hand,540,87,770,270
frame2.22.jpg,1280,720,hand,485,328,672,498
face-298.jpg,1024,615,facew,493,175,713,491
frame16.47.jpg,1280,720,hand,767,112,953,257
frame16.47.jpg,1280,720,hand,378,114,587,272
frame1.67.jpg,1280,720,hand,562,283,737,440
frame1.67.jpg,1280,720,hand,752,310,970,478
frame1.73.jpg,1280,720,hand,432,258,587,445
face-267.jpg,1024,1392,facew,290,110,643,538
face-273.jpg,1024,1540,facew,401,502,551,693
frame6.46.jpg,1280,720,hand,785,424,1037,718
face-272.jpg,1024,684,facew,393,232,582,414
frame6.47.jpg,1280,720,hand,667,493,864,673
frame6.47.jpg,1280,720,hand,401,505,592,671
face-266.jpg,1024,680,facew,494,251,856,650
frame1.72.jpg,1280,720,hand,585,350,822,513
frame1.66.jpg,1280,720,hand,700,343,905,488
frame1.66.jpg,1280,720,hand,532,315,690,468
frame16.46.jpg,1280,720,hand,331,61,566,274
frame16.46.jpg,1280,720,hand,730,131,903,290
frame16.52.jpg,1280,720,hand,465,121,658,279
frame16.52.jpg,1280,720,hand,742,132,920,288
face-299.jpg,1024,1255,facew,375,110,521,260
frame2.23.jpg,1280,720,hand,462,98,725,268
frame5.16.jpg,1280,720,hand,570,330,782,510
frame5.16.jpg,1280,720,hand,796,334,977,534
frame3.9.jpg,1280,720,hand,257,118,447,323
frame3.9.jpg,1280,720,hand,527,38,765,170
face-110.jpg,1024,754,facew,489,210,610,375
face-138.jpg,1024,892,facew,350,97,615,415
face-29.jpg,1024,1555,facew,376,293,630,599
face-15.jpg,1024,1478,facew,532,104,672,280
face-17.jpg,1024,1194,facew,648,97,757,247
face-17.jpg,1024,1194,facew,493,131,619,275
face-106.jpg,1024,933,facew,434,187,599,395
face-112.jpg,1024,710,facew,493,86,642,288
frame2.21.jpg,1280,720,hand,560,240,722,368
frame2.21.jpg,1280,720,hand,382,270,550,385
frame1.9.jpg,1280,720,hand,455,345,605,505
frame1.9.jpg,1280,720,hand,640,418,845,555
frame1.70.jpg,1280,720,hand,465,335,685,570
frame1.70.jpg,1280,720,hand,620,318,852,475
face-258.jpg,1024,572,facew,457,112,624,344
frame1.64.jpg,1280,720,hand,525,303,710,458
frame1.64.jpg,1280,720,hand,715,340,940,475
face-270.jpg,1024,576,facew,292,76,700,566
face-264.jpg,1024,641,facew,249,90,564,544
face-265.jpg,1024,577,facew,357,149,569,433
frame1.59.jpg,1280,720,hand,155,450,525,713
frame1.59.jpg,1280,720,hand,587,440,895,718
face-271.jpg,1024,576,facew,463,226,691,466
frame1.65.jpg,1280,720,hand,650,473,892,715
frame1.65.jpg,1280,720,hand,520,305,717,453
face-259.jpg,1024,713,facew,662,118,820,373
frame1.71.jpg,1280,720,hand,402,325,635,515
frame1.8.jpg,1280,720,hand,495,365,660,548
frame1.8.jpg,1280,720,hand,702,435,842,575
frame2.20.jpg,1280,720,hand,552,235,730,368
frame2.20.jpg,1280,720,hand,397,250,537,375
frame5.15.jpg,1280,720,hand,543,325,717,484
frame5.15.jpg,1280,720,hand,728,310,940,496
face-113.jpg,1024,1460,facew,409,395,609,711
face-107.jpg,1024,754,facew,293,186,482,445
face-16.jpg,1024,576,facew,289,54,366,152
face-16.jpg,1024,576,facew,632,110,709,211
face-12.jpg,1024,677,facew,431,46,504,149
frame4.51.jpg,1280,720,hand,552,263,787,533
frame4.51.jpg,1280,720,hand,257,315,492,540
face-117.jpg,1024,1368,facew,73,208,369,695
face-117.jpg,1024,1368,facew,376,246,754,720
frame2.24.jpg,1280,720,hand,515,150,752,313
frame5.39.jpg,1280,720,hand,399,444,679,720
frame2.30.jpg,1280,720,hand,517,330,682,475
frame2.18.jpg,1280,720,hand,615,390,1120,703
frame2.18.jpg,1280,720,hand,350,325,535,450
frame16.41.jpg,1280,720,hand,307,188,511,334
frame16.41.jpg,1280,720,hand,648,197,819,354
face-275.jpg,1024,1366,facew,421,268,753,609
frame1.49.jpg,1280,720,hand,260,490,535,713
frame1.49.jpg,1280,720,hand,537,350,680,560
frame1.49.jpg,1280,720,hand,687,393,882,580
face-261.jpg,1024,829,facew,414,193,644,516
frame1.75.jpg,1280,720,hand,582,335,775,475
face-249.jpg,1024,1396,facew,354,381,549,614
frame1.61.jpg,1280,720,hand,492,283,635,445
frame1.61.jpg,1280,720,hand,650,318,855,458
frame1.60.jpg,1280,720,hand,597,270,857,408
face-248.jpg,1024,679,facew,273,166,360,276
face-248.jpg,1024,679,facew,436,236,517,314
face-248.jpg,1024,679,facew,612,202,689,277
frame1.74.jpg,1280,720,hand,572,325,767,498
frame6.55.jpg,1280,720,hand,614,533,789,681
frame6.55.jpg,1280,720,hand,814,535,964,708
face-260.jpg,1024,683,facew,187,98,430,355
frame1.48.jpg,1280,720,hand,712,413,907,560
frame1.48.jpg,1280,720,hand,565,378,697,560
face-274.jpg,1024,1392,facew,215,313,690,932
frame16.40.jpg,1280,720,hand,389,180,589,336
frame16.40.jpg,1280,720,hand,733,201,905,355
frame2.19.jpg,1280,720,hand,552,245,737,375
frame2.19.jpg,1280,720,hand,390,263,540,378
frame5.38.jpg,1280,720,hand,392,337,669,624
frame2.25.jpg,1280,720,hand,517,180,717,310
face-116.jpg,1024,1024,facew,213,334,334,505
face-116.jpg,1024,1024,facew,432,311,560,498
face-116.jpg,1024,1024,facew,690,329,830,552
face-116.jpg,1024,1024,facew,577,107,683,260
face-116.jpg,1024,1024,facew,396,98,506,227
face-300.jpg,1024,768,facew,326,217,454,318
face-13.jpg,1024,683,facew,558,195,631,264
face-39.jpg,1024,768,facew,471,77,664,363
face-11.jpg,1024,717,facew,187,165,286,280
frame4.52.jpg,1280,720,hand,320,285,522,493
frame4.52.jpg,1280,720,hand,202,565,443,720
face-114.jpg,1024,1585,facew,386,606,601,927
face-100.jpg,1024,682,facew,158,95,271,247
face-100.jpg,1024,682,facew,561,90,675,262
face-100.jpg,1024,682,facew,762,17,884,191
face-128.jpg,1024,1530,facew,243,215,699,865
frame2.27.jpg,1280,720,hand,577,128,760,278
frame16.42.jpg,1280,720,hand,159,156,420,366
frame16.42.jpg,1280,720,hand,741,182,914,347
face-289.jpg,1024,577,facew,537,110,696,312
face-262.jpg,1024,713,facew,449,127,600,349
face-276.jpg,1024,565,facew,409,83,620,327
frame1.62.jpg,1280,720,hand,535,305,730,453
frame1.62.jpg,1280,720,hand,717,333,937,473
frame1.63.jpg,1280,720,hand,537,305,715,455
frame1.63.jpg,1280,720,hand,725,340,932,475
face-277.jpg,1024,577,facew,393,51,618,306
face-263.jpg,1024,754,facew,204,227,516,522
face-288.jpg,1024,719,facew,266,119,507,538
face-288.jpg,1024,719,facew,495,93,727,560
frame16.43.jpg,1280,720,hand,199,185,452,428
frame16.43.jpg,1280,720,hand,722,151,905,313
frame2.26.jpg,1280,720,hand,565,238,747,378
face-129.jpg,1024,1195,facew,247,254,715,783
face-115.jpg,1024,710,facew,496,234,588,358
face-115.jpg,1024,710,facew,665,480,764,627
face-115.jpg,1024,710,facew,279,451,355,547
face-38.jpg,1024,576,facew,263,30,659,533
face-63.jpg,1024,792,facew,76,159,159,228
face-63.jpg,1024,792,facew,196,143,273,216
face-63.jpg,1024,792,facew,539,72,619,151
face-63.jpg,1024,792,facew,669,105,757,176
face-63.jpg,1024,792,facew,835,107,909,174
face-77.jpg,1024,1628,facew,368,267,779,768
frame3.15.jpg,1280,720,hand,462,68,680,205
face-88.jpg,1024,782,facew,386,303,435,366
face-88.jpg,1024,782,facew,388,234,436,280
frame3.29.jpg,1280,720,hand,262,338,517,681
frame4.20.jpg,1280,720,hand,287,185,505,475
frame4.20.jpg,1280,720,hand,565,135,737,280
face-199.jpg,1024,576,facew,427,115,607,385
frame10.45.jpg,1280,720,hand,760,326,1038,568
face-172.jpg,1024,1366,facew,179,172,694,798
frame16.30.jpg,1280,720,hand,713,114,876,280
frame16.18.jpg,1280,720,hand,802,318,1165,570
frame16.18.jpg,1280,720,hand,553,228,742,407
face-238.jpg,1024,951,facew,216,186,385,436
face-238.jpg,1024,951,facew,408,131,541,347
face-238.jpg,1024,951,facew,562,141,680,371
face-238.jpg,1024,951,facew,709,215,861,427
frame1.10.jpg,1280,720,hand,495,375,642,530
frame1.10.jpg,1280,720,hand,672,400,830,563
face-204.jpg,1024,754,facew,232,244,360,439
face-204.jpg,1024,754,facew,373,323,529,528
face-204.jpg,1024,754,facew,623,138,806,332
face-204.jpg,1024,754,facew,606,465,770,644
frame1.38.jpg,1280,720,hand,640,430,792,560
frame1.38.jpg,1280,720,hand,440,390,627,538
face-210.jpg,1024,683,facew,200,90,418,409
face-210.jpg,1024,683,facew,459,314,624,504
face-210.jpg,1024,683,facew,627,164,854,437
face-211.jpg,1024,1448,facew,468,134,619,342
face-211.jpg,1024,1448,facew,459,393,623,601
face-211.jpg,1024,1448,facew,475,671,655,867
face-211.jpg,1024,1448,facew,461,991,608,1160
frame1.39.jpg,1280,720,hand,670,390,800,555
frame1.39.jpg,1280,720,hand,415,390,602,565
face-205.jpg,1024,683,facew,198,119,284,232
face-205.jpg,1024,683,facew,311,233,382,311
face-205.jpg,1024,683,facew,383,86,462,218
face-205.jpg,1024,683,facew,563,226,632,308
face-205.jpg,1024,683,facew,633,83,748,208
face-205.jpg,1024,683,facew,486,115,567,221
frame6.18.jpg,1280,720,hand,724,377,898,523
frame6.18.jpg,1280,720,hand,535,381,717,524
frame1.11.jpg,1280,720,hand,537,373,682,528
frame1.11.jpg,1280,720,hand,715,390,867,530
face-239.jpg,1024,577,facew,405,61,606,263
face-239.jpg,1024,577,facew,306,287,435,445
frame12.5.jpg,1280,720,hand,450,93,594,218
frame12.5.jpg,1280,720,hand,618,141,749,254
frame16.19.jpg,1280,720,hand,452,208,642,368
frame16.19.jpg,1280,720,hand,650,211,824,402
frame16.31.jpg,1280,720,hand,708,124,876,271
frame16.31.jpg,1280,720,hand,470,149,669,299
frame5.49.jpg,1280,720,hand,483,377,783,651
frame10.7.jpg,1280,720,hand,390,88,513,203
face-173.jpg,1024,1024,facew,150,181,269,304
face-173.jpg,1024,1024,facew,351,104,484,259
face-173.jpg,1024,1024,facew,595,183,716,312
face-173.jpg,1024,1024,facew,751,133,902,290
frame10.78.jpg,1280,720,hand,626,216,778,335
frame10.78.jpg,1280,720,hand,446,105,601,236
frame16.1.jpg,1280,720,hand,588,385,766,540
frame16.1.jpg,1280,720,hand,376,384,536,517
face-198.jpg,1024,781,facew,176,22,420,373
face-89.jpg,1024,1024,facew,260,392,735,894
frame3.14.jpg,1280,720,hand,462,70,652,198
face-76.jpg,1024,874,facew,79,133,125,214
face-76.jpg,1024,874,facew,261,144,333,230
face-76.jpg,1024,874,facew,463,217,541,293
face-76.jpg,1024,874,facew,644,237,699,311
face-76.jpg,1024,874,facew,668,50,730,130
face-76.jpg,1024,874,facew,357,48,424,114
face-76.jpg,1024,874,facew,879,76,932,149
face-62.jpg,1024,1086,facew,210,162,282,256
face-62.jpg,1024,1086,facew,456,118,548,242
face-62.jpg,1024,1086,facew,692,174,783,266
face-74.jpg,1024,576,facew,313,296,403,455
face-60.jpg,1024,683,facew,430,172,487,240
face-60.jpg,1024,683,facew,554,106,608,184
face-48.jpg,1024,754,facew,377,182,466,262
face-48.jpg,1024,754,facew,119,155,215,277
frame3.16.jpg,1280,720,hand,450,63,675,223
frame2.8.jpg,1280,720,hand,542,245,712,368
frame2.8.jpg,1280,720,hand,387,263,535,373
frame16.3.jpg,1280,720,hand,314,243,467,401
frame16.3.jpg,1280,720,hand,623,525,914,708
frame16.3.jpg,1280,720,hand,551,303,717,450
face-159.jpg,1024,740,facew,564,64,724,257
face-171.jpg,1024,684,facew,109,95,230,267
face-171.jpg,1024,684,facew,329,107,451,294
face-171.jpg,1024,684,facew,542,183,660,363
face-171.jpg,1024,684,facew,782,118,904,246
frame16.33.jpg,1280,720,hand,456,118,723,336
frame1.13.jpg,1280,720,hand,462,355,617,510
frame1.13.jpg,1280,720,hand,657,405,845,555
face-213.jpg,1024,683,facew,260,146,365,305
face-213.jpg,1024,683,facew,470,153,605,303
face-213.jpg,1024,683,facew,655,112,784,255
frame6.32.jpg,1280,720,hand,714,346,921,535
face-207.jpg,1024,768,facew,218,102,312,218
face-207.jpg,1024,768,facew,429,83,571,249
face-207.jpg,1024,768,facew,312,259,418,425
face-207.jpg,1024,768,facew,441,432,563,584
face-207.jpg,1024,768,facew,701,85,823,224
face-206.jpg,1024,683,facew,237,45,367,197
face-206.jpg,1024,683,facew,213,282,375,472
face-206.jpg,1024,683,facew,485,67,639,257
face-206.jpg,1024,683,facew,666,137,835,395
face-212.jpg,1024,682,facew,160,135,273,275
face-212.jpg,1024,682,facew,387,133,475,272
face-212.jpg,1024,682,facew,257,355,377,506
face-212.jpg,1024,682,facew,587,94,701,238
face-212.jpg,1024,682,facew,732,121,859,267
face-212.jpg,1024,682,facew,476,305,616,489
face-212.jpg,1024,682,facew,690,365,790,511
frame1.12.jpg,1280,720,hand,497,378,640,515
frame1.12.jpg,1280,720,hand,680,395,827,535
frame12.6.jpg,1280,720,hand,453,85,597,212
frame12.6.jpg,1280,720,hand,620,138,759,259
frame16.32.jpg,1280,720,hand,472,124,651,261
frame16.32.jpg,1280,720,hand,711,129,860,275
frame10.4.jpg,1280,720,hand,491,229,776,449
frame10.4.jpg,1280,720,hand,459,58,615,163
face-158.jpg,1024,683,facew,482,242,581,362
face-158.jpg,1024,683,facew,587,193,710,319
face-158.jpg,1024,683,facew,671,53,832,202
face-158.jpg,1024,683,facew,319,182,419,319
frame16.2.jpg,1280,720,hand,282,297,484,496
frame16.2.jpg,1280,720,hand,620,324,776,471
frame2.9.jpg,1280,720,hand,517,195,682,323
frame2.9.jpg,1280,720,hand,345,238,497,338
frame3.17.jpg,1280,720,hand,487,80,670,255
frame3.17.jpg,1280,720,hand,317,33,480,198
face-49.jpg,1024,1249,facew,648,581,853,805
face-61.jpg,1024,757,facew,610,119,681,197
face-61.jpg,1024,757,facew,263,153,319,221
face-75.jpg,1024,640,facew,551,28,750,287
face-75.jpg,1024,640,facew,389,349,442,423
face-75.jpg,1024,640,facew,515,407,571,481
face-75.jpg,1024,640,facew,674,486,733,554
face-75.jpg,1024,640,facew,812,527,875,609
face-59.jpg,1024,640,facew,343,57,495,227
face-59.jpg,1024,640,facew,643,221,784,347
face-71.jpg,1024,1406,facew,243,177,349,309
face-71.jpg,1024,1406,facew,537,109,683,258
face-65.jpg,1024,768,facew,815,197,876,285
frame4.32.jpg,1280,720,hand,580,93,772,280
frame3.13.jpg,1280,720,hand,560,73,750,213
frame3.13.jpg,1280,720,hand,335,10,525,165
frame16.6.jpg,1280,720,hand,224,237,397,405
frame16.6.jpg,1280,720,hand,659,257,818,404
face-160.jpg,1024,1179,facew,352,114,572,444
face-174.jpg,1024,1624,facew,299,306,829,1069
face-148.jpg,1024,1572,facew,314,147,897,942
frame25.9.jpg,1280,720,hand,697,216,1093,582
frame12.2.jpg,1280,720,hand,706,445,870,621
frame12.2.jpg,1280,720,hand,736,275,890,390
frame12.2.jpg,1280,720,hand,603,201,719,318
frame16.22.jpg,1280,720,hand,371,124,570,274
frame16.22.jpg,1280,720,hand,566,134,742,305
face-216.jpg,1024,1448,facew,384,142,490,279
face-216.jpg,1024,1448,facew,637,271,741,405
face-202.jpg,1024,891,facew,541,521,694,715
face-202.jpg,1024,891,facew,636,261,782,446
face-202.jpg,1024,891,facew,345,358,496,531
face-202.jpg,1024,891,facew,196,279,316,443
face-202.jpg,1024,891,facew,323,135,456,323
face-202.jpg,1024,891,facew,527,192,646,369
frame1.16.jpg,1280,720,hand,490,363,632,518
frame1.16.jpg,1280,720,hand,660,405,825,535
frame1.17.jpg,1280,720,hand,485,363,635,515
frame1.17.jpg,1280,720,hand,662,408,840,535
face-203.jpg,1024,716,facew,154,161,239,264
face-203.jpg,1024,716,facew,342,262,436,356
face-203.jpg,1024,716,facew,384,94,480,218
face-203.jpg,1024,716,facew,581,245,659,325
face-203.jpg,1024,716,facew,616,93,703,208
face-203.jpg,1024,716,facew,760,170,853,273
face-217.jpg,1024,1024,facew,414,74,558,278
frame6.8.jpg,1280,720,hand,274,337,497,593
frame16.23.jpg,1280,720,hand,361,14,635,218
frame10.1.jpg,1280,720,hand,314,187,434,315
frame10.1.jpg,1280,720,hand,444,186,602,288
face-149.jpg,1024,1182,facew,409,29,607,246
frame10.81.jpg,1280,720,hand,587,304,928,557
frame25.12.jpg,1280,720,hand,460,301,648,490
face-175.jpg,1024,1535,facew,539,314,749,604
frame16.7.jpg,1280,720,hand,727,287,889,445
frame16.7.jpg,1280,720,hand,486,257,666,384
frame3.12.jpg,1280,720,hand,330,133,567,335
frame3.12.jpg,1280,720,hand,572,95,800,258
face-64.jpg,1024,668,facew,495,99,540,153
face-64.jpg,1024,668,facew,622,95,655,146
face-64.jpg,1024,668,facew,767,77,814,132
face-64.jpg,1024,668,facew,873,109,911,157
face-64.jpg,1024,668,facew,931,135,974,177
face-70.jpg,1024,682,facew,303,32,621,443
face-58.jpg,1024,606,facew,433,165,534,322
face-58.jpg,1024,606,facew,552,181,631,335
face-66.jpg,1024,646,facew,359,212,398,265
face-66.jpg,1024,646,facew,285,234,324,280
face-72.jpg,1024,1051,facew,602,88,761,311
face-99.jpg,1024,683,facew,333,56,463,218
frame4.31.jpg,1280,720,hand,592,100,775,270
frame4.19.jpg,1280,720,hand,600,380,1035,705
frame3.10.jpg,1280,720,hand,570,60,782,188
frame3.10.jpg,1280,720,hand,315,53,500,200
frame16.5.jpg,1280,720,hand,296,289,480,425
frame16.5.jpg,1280,720,hand,548,301,698,448
frame10.68.jpg,1280,720,hand,598,329,803,523
face-188.jpg,1024,845,facew,269,98,485,435
face-177.jpg,1024,578,facew,196,64,348,297
face-177.jpg,1024,578,facew,356,50,496,269
frame25.10.jpg,1280,720,hand,730,227,1046,555
frame25.38.jpg,1280,720,hand,408,389,554,563
frame10.3.jpg,1280,720,hand,514,190,662,298
frame10.3.jpg,1280,720,hand,563,352,959,719
frame12.1.jpg,1280,720,hand,576,151,712,242
frame12.1.jpg,1280,720,hand,417,127,537,236
frame16.35.jpg,1280,720,hand,433,117,681,344
frame16.21.jpg,1280,720,hand,580,168,757,322
frame16.21.jpg,1280,720,hand,388,138,581,313
frame6.34.jpg,1280,720,hand,675,294,860,463
face-201.jpg,1024,710,facew,26,10,687,694
frame1.29.jpg,1280,720,hand,615,400,790,523
frame1.29.jpg,1280,720,hand,442,353,605,488
face-215.jpg,1024,755,facew,479,144,608,302
face-215.jpg,1024,755,facew,657,92,788,261
face-229.jpg,1024,683,facew,514,109,655,321
frame1.15.jpg,1280,720,hand,490,365,665,528
frame1.15.jpg,1280,720,hand,702,428,855,590
frame1.14.jpg,1280,720,hand,467,378,635,545
frame1.14.jpg,1280,720,hand,667,423,847,578
face-228.jpg,1024,576,facew,446,149,781,454
face-214.jpg,1024,1536,facew,291,175,397,331
face-214.jpg,1024,1536,facew,559,145,680,293
frame1.28.jpg,1280,720,hand,442,338,605,493
frame1.28.jpg,1280,720,hand,622,393,777,505
face-200.jpg,1024,768,facew,253,198,404,433
frame16.20.jpg,1280,720,hand,364,173,581,488
frame16.20.jpg,1280,720,hand,573,186,734,348
frame16.34.jpg,1280,720,hand,507,146,720,354
frame10.2.jpg,1280,720,hand,654,347,1093,695
frame10.2.jpg,1280,720,hand,476,206,633,306
frame10.2.jpg,1280,720,hand,333,218,464,321
frame25.39.jpg,1280,720,hand,426,398,577,577
face-176.jpg,1024,768,facew,334,144,481,363
face-176.jpg,1024,768,facew,491,222,674,432
frame25.11.jpg,1280,720,hand,480,338,653,517
face-189.jpg,1024,1024,facew,534,59,765,305
frame16.4.jpg,1280,720,hand,309,288,479,421
frame16.4.jpg,1280,720,hand,532,290,676,442
frame16.4.jpg,1280,720,hand,577,510,854,720
frame10.69.jpg,1280,720,hand,618,252,748,350
frame10.69.jpg,1280,720,hand,471,129,614,270
frame10.69.jpg,1280,720,hand,760,466,1057,720
frame4.18.jpg,1280,720,hand,632,295,1087,690
frame3.11.jpg,1280,720,hand,352,20,540,188
frame3.11.jpg,1280,720,hand,552,53,767,220
face-98.jpg,1024,976,facew,1,164,64,265
face-98.jpg,1024,976,facew,226,46,312,155
face-98.jpg,1024,976,facew,631,44,714,172
frame4.30.jpg,1280,720,hand,550,100,755,243
face-73.jpg,1024,478,facew,839,147,877,197
face-67.jpg,1024,577,facew,296,232,395,347
face-42.jpg,1024,754,facew,779,107,905,257
face-42.jpg,1024,754,facew,606,63,706,188
face-56.jpg,1024,713,facew,727,87,785,220
face-56.jpg,1024,713,facew,590,114,668,219
face-56.jpg,1024,713,facew,233,53,341,165
frame3.20.jpg,1280,720,hand,510,135,720,298
frame3.20.jpg,1280,720,hand,330,150,495,298
face-81.jpg,1024,1581,facew,429,311,744,707
face-95.jpg,1024,683,facew,171,57,259,159
frame4.15.jpg,1280,720,hand,415,130,642,308
frame4.15.jpg,1280,720,hand,740,203,890,340
frame16.9.jpg,1280,720,hand,493,236,670,393
frame16.9.jpg,1280,720,hand,739,284,917,446
frame10.64.jpg,1280,720,hand,640,218,818,394
frame2.2.jpg,1280,720,hand,540,273,682,385
frame2.2.jpg,1280,720,hand,395,283,532,395
face-190.jpg,1024,700,facew,323,28,868,675
face-184.jpg,1024,1288,facew,189,215,473,651
face-184.jpg,1024,1288,facew,519,168,903,632
face-153.jpg,1024,679,facew,202,252,272,338
face-153.jpg,1024,679,facew,462,243,522,317
face-153.jpg,1024,679,facew,654,248,711,323
face-153.jpg,1024,679,facew,811,243,874,325
face-147.jpg,1024,1024,facew,242,138,777,797
frame25.20.jpg,1280,720,hand,421,151,584,320
frame4.4.jpg,1280,720,hand,410,68,612,260
frame4.4.jpg,1280,720,hand,615,100,807,243
frame5.41.jpg,1280,720,hand,528,261,663,419
frame5.41.jpg,1280,720,hand,671,278,909,421
frame16.11.jpg,1280,720,hand,494,310,778,551
frame16.11.jpg,1280,720,hand,738,247,905,401
frame16.39.jpg,1280,720,hand,743,164,913,333
frame16.39.jpg,1280,720,hand,376,170,592,322
face-219.jpg,1024,639,facew,593,84,775,355
frame1.25.jpg,1280,720,hand,427,323,600,483
frame1.25.jpg,1280,720,hand,625,375,785,513
frame1.31.jpg,1280,720,hand,615,378,795,505
frame1.31.jpg,1280,720,hand,460,353,600,495
frame1.19.jpg,1280,720,hand,415,395,620,678
frame1.19.jpg,1280,720,hand,647,345,832,473
face-225.jpg,1024,1292,facew,601,403,822,745
face-231.jpg,1024,1392,facew,202,172,722,859
face-230.jpg,1024,754,facew,259,1,770,598
face-224.jpg,1024,683,facew,265,1,682,533
frame1.18.jpg,1280,720,hand,495,295,625,440
frame1.18.jpg,1280,720,hand,650,338,840,468
frame1.30.jpg,1280,720,hand,665,405,840,505
frame1.30.jpg,1280,720,hand,515,365,647,498
frame1.24.jpg,1280,720,hand,437,305,582,465
frame1.24.jpg,1280,720,hand,612,368,797,518
face-218.jpg,1024,1362,facew,366,91,628,429
frame16.38.jpg,1280,720,hand,665,117,848,283
frame16.10.jpg,1280,720,hand,461,223,659,390
frame16.10.jpg,1280,720,hand,716,269,878,434
frame5.40.jpg,1280,720,hand,652,315,851,468
frame5.40.jpg,1280,720,hand,445,307,642,474
frame25.7.jpg,1280,720,hand,783,327,923,497
face-146.jpg,1024,684,facew,310,77,607,528
frame25.21.jpg,1280,720,hand,415,320,561,468
face-152.jpg,1024,701,facew,200,197,303,328
face-152.jpg,1024,701,facew,413,191,545,320
face-152.jpg,1024,701,facew,612,156,721,295
face-185.jpg,1024,1288,facew,207,193,671,807
frame2.3.jpg,1280,720,hand,607,248,755,375
frame2.3.jpg,1280,720,hand,655,385,925,610
frame2.3.jpg,1280,720,hand,465,250,597,375
face-191.jpg,1024,1542,facew,389,261,622,515
frame16.8.jpg,1280,720,hand,516,212,687,368
frame16.8.jpg,1280,720,hand,762,240,920,418
frame10.65.jpg,1280,720,hand,467,79,655,247
frame4.14.jpg,1280,720,hand,437,235,722,435
face-94.jpg,1024,820,facew,99,155,147,223
face-94.jpg,1024,820,facew,285,175,331,239
face-94.jpg,1024,820,facew,660,199,713,279
face-80.jpg,1024,768,facew,327,226,380,281
face-80.jpg,1024,768,facew,478,197,520,244
face-80.jpg,1024,768,facew,555,251,608,324
frame3.21.jpg,1280,720,hand,537,368,837,680
frame3.21.jpg,1280,720,hand,455,100,650,258
face-57.jpg,1024,615,facew,42,346,120,424
face-57.jpg,1024,615,facew,184,386,260,467
face-57.jpg,1024,615,facew,439,385,488,457
face-57.jpg,1024,615,facew,628,182,707,263
face-57.jpg,1024,615,facew,846,162,915,238
face-57.jpg,1024,615,facew,931,166,986,226
face-43.jpg,1024,754,facew,112,179,234,342
face-43.jpg,1024,754,facew,354,222,442,368
face-43.jpg,1024,754,facew,636,315,736,433
face-43.jpg,1024,754,facew,761,129,872,284
face-55.jpg,1024,1259,facew,203,95,350,285
face-55.jpg,1024,1259,facew,531,91,674,278
face-41.jpg,1024,722,facew,677,152,784,284
face-41.jpg,1024,722,facew,437,204,522,300
face-41.jpg,1024,722,facew,314,174,384,287
face-41.jpg,1024,722,facew,237,69,324,211
face-69.jpg,1024,749,facew,154,64,225,165
face-69.jpg,1024,749,facew,433,150,475,210
face-69.jpg,1024,749,facew,575,171,619,237
face-69.jpg,1024,749,facew,781,297,839,352
face-69.jpg,1024,749,facew,910,360,961,411
face-96.jpg,1024,644,facew,506,50,570,119
face-82.jpg,1024,1280,facew,190,205,828,1150
frame3.23.jpg,1280,720,hand,537,128,755,303
frame3.23.jpg,1280,720,hand,387,133,525,285
frame4.16.jpg,1280,720,hand,465,95,695,265
frame10.73.jpg,1280,720,hand,713,273,1018,594
frame10.73.jpg,1280,720,hand,531,290,659,407
face-187.jpg,1024,1315,facew,227,68,636,582
face-193.jpg,1024,1524,facew,354,107,613,456
frame2.1.jpg,1280,720,hand,557,503,932,713
frame2.1.jpg,1280,720,hand,532,260,677,375
frame2.1.jpg,1280,720,hand,387,270,520,388
face-178.jpg,1024,1433,facew,250,200,712,779
frame25.23.jpg,1280,720,hand,651,355,969,673
face-150.jpg,1024,1693,facew,309,116,552,373
frame5.56.jpg,1280,720,hand,483,246,688,444
frame5.42.jpg,1280,720,hand,410,209,673,424
frame16.12.jpg,1280,720,hand,487,217,664,371
frame16.12.jpg,1280,720,hand,640,225,837,397
frame1.32.jpg,1280,720,hand,597,360,762,490
frame1.32.jpg,1280,720,hand,375,358,532,500
frame1.26.jpg,1280,720,hand,472,315,620,483
frame1.26.jpg,1280,720,hand,645,368,827,503
face-232.jpg,1024,1392,facew,94,83,703,901
face-226.jpg,1024,684,facew,388,99,701,531
face-227.jpg,1024,768,facew,298,178,709,709
face-233.jpg,1024,1392,facew,156,206,819,968
frame1.27.jpg,1280,720,hand,455,355,590,500
frame1.27.jpg,1280,720,hand,610,385,792,510
frame1.33.jpg,1280,720,hand,455,318,615,468
frame16.13.jpg,1280,720,hand,305,210,495,353
frame16.13.jpg,1280,720,hand,671,219,847,365
frame25.4.jpg,1280,720,hand,665,299,782,418
face-151.jpg,1024,683,facew,63,170,199,367
face-151.jpg,1024,683,facew,265,199,399,346
face-151.jpg,1024,683,facew,741,120,842,302
frame25.36.jpg,1280,720,hand,404,46,634,242
frame25.22.jpg,1280,720,hand,470,374,631,555
face-179.jpg,1024,1366,facew,191,106,404,398
face-179.jpg,1024,1366,facew,601,183,821,531
face-192.jpg,1024,1552,facew,434,93,718,453
face-186.jpg,1024,1591,facew,65,181,728,1075
frame10.66.jpg,1280,720,hand,492,173,620,307
frame4.17.jpg,1280,720,hand,377,100,580,280
frame4.17.jpg,1280,720,hand,717,175,877,320
frame3.22.jpg,1280,720,hand,565,395,912,720
face-83.jpg,1024,890,facew,570,335,623,418
face-83.jpg,1024,890,facew,289,327,352,405
face-97.jpg,1024,683,facew,161,244,193,283
face-97.jpg,1024,683,facew,470,243,496,281
face-97.jpg,1024,683,facew,603,239,636,274
face-68.jpg,1024,696,facew,86,102,142,169
face-68.jpg,1024,696,facew,191,88,245,164
face-68.jpg,1024,696,facew,258,72,299,128
face-68.jpg,1024,696,facew,349,130,393,194
face-68.jpg,1024,696,facew,451,104,494,171
face-68.jpg,1024,696,facew,545,178,592,246
face-68.jpg,1024,696,facew,846,78,912,152
face-68.jpg,1024,696,facew,605,32,651,100
face-68.jpg,1024,696,facew,394,75,437,128
face-40.jpg,1024,683,facew,349,22,462,182
face-40.jpg,1024,683,facew,560,59,679,177
face-54.jpg,1024,754,facew,598,81,688,175
face-54.jpg,1024,754,facew,312,214,362,294
face-78.jpg,1024,1034,facew,242,170,332,320
face-50.jpg,1024,682,facew,430,104,548,259
face-50.jpg,1024,682,facew,743,2,866,179
face-44.jpg,1024,754,facew,421,192,553,334
face-44.jpg,1024,754,facew,611,146,726,292
face-44.jpg,1024,754,facew,143,59,224,229
frame4.13.jpg,1280,720,hand,457,233,717,443
face-93.jpg,1024,768,facew,178,380,221,428
face-93.jpg,1024,768,facew,53,376,90,423
face-87.jpg,1024,683,facew,846,92,905,173
face-87.jpg,1024,683,facew,736,116,796,192
face-182.jpg,1024,1022,facew,312,81,728,738
frame2.4.jpg,1280,720,hand,607,438,880,623
frame2.4.jpg,1280,720,hand,600,235,777,348
frame2.4.jpg,1280,720,hand,452,220,587,350
face-196.jpg,1024,579,facew,452,32,642,304
frame10.76.jpg,1280,720,hand,693,290,903,502
frame25.32.jpg,1280,720,hand,473,304,626,476
face-155.jpg,1024,742,facew,1,64,450,651
face-155.jpg,1024,742,facew,573,1,1011,492
frame4.2.jpg,1280,720,hand,627,155,847,323
frame4.2.jpg,1280,720,hand,462,138,625,318
frame16.17.jpg,1280,720,hand,664,207,871,376
frame16.17.jpg,1280,720,hand,339,185,564,366
face-237.jpg,1024,768,facew,228,268,519,615
face-237.jpg,1024,768,facew,498,136,749,501
face-223.jpg,1024,1392,facew,211,142,686,813
frame6.16.jpg,1280,720,hand,568,277,717,418
frame6.16.jpg,1280,720,hand,391,285,563,437
frame1.37.jpg,1280,720,hand,632,465,797,603
frame1.37.jpg,1280,720,hand,452,435,612,588
frame1.23.jpg,1280,720,hand,480,315,615,470
frame1.23.jpg,1280,720,hand,632,340,817,488
frame1.22.jpg,1280,720,hand,412,323,557,488
frame1.22.jpg,1280,720,hand,585,378,755,493
frame1.36.jpg,1280,720,hand,387,418,567,570
frame1.36.jpg,1280,720,hand,680,410,805,545
face-222.jpg,1024,711,facew,741,96,885,305
frame6.17.jpg,1280,720,hand,423,288,595,444
frame6.17.jpg,1280,720,hand,605,282,753,444
face-236.jpg,1024,739,facew,119,197,385,505
face-236.jpg,1024,739,facew,675,15,929,330
frame16.16.jpg,1280,720,hand,348,176,577,366
frame16.16.jpg,1280,720,hand,671,203,873,378
frame6.1.jpg,1280,720,hand,625,271,753,398
frame5.52.jpg,1280,720,hand,537,291,695,440
frame4.3.jpg,1280,720,hand,395,75,577,238
frame4.3.jpg,1280,720,hand,605,90,790,233
face-154.jpg,1024,1024,facew,466,201,525,286
face-140.jpg,1024,1297,facew,278,100,641,617
frame10.77.jpg,1280,720,hand,692,302,907,514
frame10.63.jpg,1280,720,hand,660,276,886,457
frame2.5.jpg,1280,720,hand,600,238,757,360
frame2.5.jpg,1280,720,hand,462,248,587,358
face-197.jpg,1024,1567,facew,365,310,631,616
face-183.jpg,1024,768,facew,498,61,725,368
face-86.jpg,1024,680,facew,499,154,540,203
face-92.jpg,1024,576,facew,458,43,556,230
face-92.jpg,1024,576,facew,210,122,319,242
face-92.jpg,1024,576,facew,361,126,435,241
face-92.jpg,1024,576,facew,563,109,648,252
face-92.jpg,1024,576,facew,713,140,801,272
face-45.jpg,1024,768,facew,237,182,402,445
face-51.jpg,1024,754,facew,355,93,437,168
face-79.jpg,1024,709,facew,382,106,428,179
face-79.jpg,1024,709,facew,785,71,845,169
face-47.jpg,1024,754,facew,122,93,238,249
face-47.jpg,1024,754,facew,382,195,494,341
face-47.jpg,1024,754,facew,668,50,773,191
face-53.jpg,1024,936,facew,225,134,381,376
face-53.jpg,1024,936,facew,708,239,828,443
frame3.19.jpg,1280,720,hand,300,145,490,303
frame3.19.jpg,1280,720,hand,510,128,667,285
face-84.jpg,1024,792,facew,297,325,353,384
face-84.jpg,1024,792,facew,536,311,588,377
face-84.jpg,1024,792,facew,422,334,473,401
face-90.jpg,1024,1347,facew,217,105,340,275
face-90.jpg,1024,1347,facew,586,155,715,315
face-195.jpg,1024,576,facew,446,1,665,273
frame2.7.jpg,1280,720,hand,567,258,700,380
frame2.7.jpg,1280,720,hand,410,273,550,383
face-181.jpg,1024,768,facew,289,184,644,611
frame10.75.jpg,1280,720,hand,470,243,605,357
frame10.75.jpg,1280,720,hand,616,229,748,350
face-156.jpg,1024,949,facew,344,97,677,657
frame25.31.jpg,1280,720,hand,451,317,604,517
frame25.25.jpg,1280,720,hand,428,483,629,663
frame25.19.jpg,1280,720,hand,409,127,582,274
frame4.1.jpg,1280,720,hand,460,210,622,358
frame4.1.jpg,1280,720,hand,640,215,782,350
frame5.50.jpg,1280,720,hand,482,300,669,433
frame16.14.jpg,1280,720,hand,454,228,645,365
frame16.14.jpg,1280,720,hand,691,217,866,384
frame6.15.jpg,1280,720,hand,471,282,664,472
frame6.15.jpg,1280,720,hand,698,325,892,463
face-220.jpg,1024,639,facew,171,6,309,179
face-220.jpg,1024,639,facew,634,50,898,375
face-234.jpg,1024,768,facew,333,123,647,501
frame1.20.jpg,1280,720,hand,492,303,645,465
frame1.20.jpg,1280,720,hand,667,338,847,465
frame1.34.jpg,1280,720,hand,755,533,1000,713
frame1.34.jpg,1280,720,hand,717,335,880,493
frame1.34.jpg,1280,720,hand,557,335,702,470
face-208.jpg,1024,1536,facew,228,285,395,570
face-208.jpg,1024,1536,facew,449,591,628,831
face-208.jpg,1024,1536,facew,683,481,966,811
face-209.jpg,1024,724,facew,246,94,373,242
face-209.jpg,1024,724,facew,364,130,491,319
face-209.jpg,1024,724,facew,515,50,655,225
face-209.jpg,1024,724,facew,661,79,818,253
frame1.35.jpg,1280,720,hand,595,373,787,518
frame1.35.jpg,1280,720,hand,425,368,570,503
frame1.21.jpg,1280,720,hand,420,318,575,473
frame1.21.jpg,1280,720,hand,607,348,777,493
face-235.jpg,1024,1392,facew,155,181,638,753
frame6.14.jpg,1280,720,hand,285,361,526,637
face-221.jpg,1024,639,facew,460,49,567,185
frame16.15.jpg,1280,720,hand,38,367,412,609
frame16.15.jpg,1280,720,hand,704,221,887,363
frame16.15.jpg,1280,720,hand,470,202,669,364
frame16.29.jpg,1280,720,hand,85,326,419,536
frame16.29.jpg,1280,720,hand,703,99,874,259
frame5.51.jpg,1280,720,hand,699,278,903,448
frame5.51.jpg,1280,720,hand,521,298,692,445
frame25.24.jpg,1280,720,hand,399,513,566,668
face-157.jpg,1024,448,facew,382,1,578,184
frame25.30.jpg,1280,720,hand,431,424,626,615
face-180.jpg,1024,1540,facew,414,166,674,577
face-194.jpg,1024,1276,facew,377,138,716,592
frame2.6.jpg,1280,720,hand,585,248,720,365
frame2.6.jpg,1280,720,hand,412,255,570,365
face-91.jpg,1024,1536,facew,218,241,478,527
face-85.jpg,1024,576,facew,369,293,455,408
face-85.jpg,1024,576,facew,898,287,968,397
frame3.18.jpg,1280,720,hand,282,113,460,270
frame3.18.jpg,1280,720,hand,482,128,645,280
frame3.18.jpg,1280,720,hand,225,330,495,695
face-52.jpg,1024,754,facew,420,146,534,291
face-52.jpg,1024,754,facew,633,131,760,301
face-46.jpg,1024,754,facew,705,283,873,468
face-21.jpg,1024,1405,facew,341,375,420,498
face-35.jpg,1024,684,facew,578,56,667,194
frame10.13.jpg,1280,720,hand,392,195,515,305
frame5.7.jpg,1280,720,hand,617,330,799,533
frame5.7.jpg,1280,720,hand,806,359,1036,542
face-118.jpg,1024,723,facew,58,194,160,324
face-118.jpg,1024,723,facew,323,243,407,359
face-118.jpg,1024,723,facew,535,246,636,369
face-118.jpg,1024,723,facew,847,230,949,351
face-130.jpg,1024,768,facew,483,137,667,388
face-124.jpg,1024,683,facew,329,154,642,512
frame3.1.jpg,1280,720,hand,570,1,787,148
frame5.36.jpg,1280,720,hand,482,239,664,407
frame2.17.jpg,1280,720,hand,672,340,937,533
frame2.17.jpg,1280,720,hand,512,173,685,308
face-285.jpg,1024,1539,facew,334,258,797,831
face-291.jpg,1024,959,facew,513,202,829,536
frame1.3.jpg,1280,720,hand,602,353,725,508
frame1.3.jpg,1280,720,hand,772,381,915,546
frame1.46.jpg,1280,720,hand,635,428,842,588
frame1.46.jpg,1280,720,hand,475,395,622,565
frame1.52.jpg,1280,720,hand,500,338,667,510
frame1.52.jpg,1280,720,hand,700,365,910,550
face-246.jpg,1024,1024,facew,587,98,872,481
face-252.jpg,1024,1583,facew,371,232,650,660
face-253.jpg,1024,1402,facew,354,426,747,866
face-247.jpg,1024,713,facew,403,112,627,336
frame1.53.jpg,1280,720,hand,512,343,682,508
frame1.53.jpg,1280,720,hand,715,475,982,710
frame1.47.jpg,1280,720,hand,645,400,845,575
frame1.47.jpg,1280,720,hand,505,365,635,543
face-290.jpg,1024,1279,facew,294,128,361,251
face-290.jpg,1024,1279,facew,649,135,749,254
frame1.2.jpg,1280,720,hand,425,443,582,700
frame1.2.jpg,1280,720,hand,665,430,880,565
face-284.jpg,1024,577,facew,589,204,856,518
frame2.16.jpg,1280,720,hand,550,240,732,365
frame5.37.jpg,1280,720,hand,463,225,651,404
face-125.jpg,1024,687,facew,291,12,460,260
face-125.jpg,1024,687,facew,596,81,771,270
face-131.jpg,1024,1662,facew,156,305,899,1456
face-119.jpg,1024,1024,facew,138,455,377,820
face-119.jpg,1024,1024,facew,509,264,793,537
frame5.6.jpg,1280,720,hand,775,313,1036,506
frame5.6.jpg,1280,720,hand,605,324,772,501
frame10.12.jpg,1280,720,hand,401,235,527,340
face-34.jpg,1024,768,facew,708,105,926,376
face-20.jpg,1024,1537,facew,464,136,595,301
face-36.jpg,1024,681,facew,495,172,741,455
face-22.jpg,1024,1309,facew,411,172,576,332
frame5.4.jpg,1280,720,hand,563,204,810,445
face-127.jpg,1024,1230,facew,285,75,519,364
frame25.40.jpg,1280,720,hand,446,385,603,575
face-133.jpg,1024,685,facew,540,47,718,288
face-133.jpg,1024,685,facew,336,84,513,363
frame3.2.jpg,1280,720,hand,540,73,765,218
frame3.2.jpg,1280,720,hand,377,20,540,210
frame2.28.jpg,1280,720,hand,532,168,755,328
frame2.14.jpg,1280,720,hand,530,285,682,393
frame2.14.jpg,1280,720,hand,392,283,525,395
face-292.jpg,1024,1059,facew,224,1,610,346
face-286.jpg,1024,809,facew,559,179,653,318
face-286.jpg,1024,809,facew,659,106,785,262
frame1.51.jpg,1280,720,hand,217,528,482,698
frame1.51.jpg,1280,720,hand,472,370,640,560
frame1.51.jpg,1280,720,hand,632,395,840,573
frame1.45.jpg,1280,720,hand,645,415,875,573
frame1.45.jpg,1280,720,hand,497,385,635,563
face-279.jpg,1024,939,facew,274,248,763,855
face-251.jpg,1024,1579,facew,312,688,584,1009
face-245.jpg,1024,769,facew,264,95,378,261
face-245.jpg,1024,769,facew,451,22,573,160
face-245.jpg,1024,769,facew,683,94,800,232
face-244.jpg,1024,768,facew,704,86,892,259
face-244.jpg,1024,768,facew,396,93,549,319
face-250.jpg,1024,684,facew,212,106,444,445
face-278.jpg,1024,1254,facew,338,139,560,480
frame1.50.jpg,1280,720,hand,207,530,477,713
frame1.50.jpg,1280,720,hand,480,368,630,550
frame1.50.jpg,1280,720,hand,637,405,820,570
face-287.jpg,1024,695,facew,401,353,491,458
face-287.jpg,1024,695,facew,210,231,305,365
face-287.jpg,1024,695,facew,666,64,793,178
frame1.1.jpg,1280,720,hand,652,420,827,605
frame1.1.jpg,1280,720,hand,505,413,632,578
face-293.jpg,1024,577,facew,582,1,694,147
frame2.15.jpg,1280,720,hand,402,298,572,438
frame2.15.jpg,1280,720,hand,580,318,775,498
frame2.29.jpg,1280,720,hand,552,198,765,383
frame5.34.jpg,1280,720,hand,671,313,895,463
frame3.3.jpg,1280,720,hand,592,88,765,213
frame3.3.jpg,1280,720,hand,390,35,580,203
face-132.jpg,1024,681,facew,561,190,746,433
face-126.jpg,1024,1515,facew,177,18,595,744
face-126.jpg,1024,1515,facew,456,185,960,852
frame4.60.jpg,1280,720,hand,520,218,722,413
frame4.60.jpg,1280,720,hand,330,203,512,403
frame4.48.jpg,1280,720,hand,412,318,587,623
frame4.48.jpg,1280,720,hand,622,518,870,715
face-23.jpg,1024,1384,facew,66,129,277,352
face-37.jpg,1024,1074,facew,606,162,779,437
face-33.jpg,1024,558,facew,579,93,837,400
face-27.jpg,1024,1354,facew,633,147,955,599
face-27.jpg,1024,1354,facew,28,419,345,766
frame4.58.jpg,1280,720,hand,397,303,717,595
frame5.1.jpg,1280,720,hand,437,323,672,505
frame5.1.jpg,1280,720,hand,787,298,1030,498
face-122.jpg,1024,1154,facew,64,354,297,632
face-122.jpg,1024,1154,facew,539,267,825,584
face-136.jpg,1024,680,facew,380,56,685,504
frame3.7.jpg,1280,720,hand,197,370,430,530
frame3.7.jpg,1280,720,hand,252,233,482,385
frame3.7.jpg,1280,720,hand,480,130,732,275
frame2.11.jpg,1280,720,hand,500,223,655,440
frame2.11.jpg,1280,720,hand,322,203,490,335
frame5.30.jpg,1280,720,hand,320,381,571,627
face-297.jpg,1024,682,facew,407,207,507,333
face-297.jpg,1024,682,facew,571,193,693,325
frame1.5.jpg,1280,720,hand,442,348,595,543
frame1.5.jpg,1280,720,hand,637,410,802,573
frame16.48.jpg,1280,720,hand,695,99,871,266
frame16.48.jpg,1280,720,hand,287,126,536,269
face-283.jpg,1024,750,facew,231,218,453,479
frame1.68.jpg,1280,720,hand,425,333,567,523
frame1.68.jpg,1280,720,hand,715,355,900,513
face-254.jpg,1024,713,facew,603,159,847,412
face-240.jpg,1024,663,facew,197,153,351,386
face-240.jpg,1024,663,facew,640,70,809,267
face-268.jpg,1024,754,facew,361,144,580,451
frame1.54.jpg,1280,720,hand,527,320,707,483
frame1.54.jpg,1280,720,hand,772,350,960,508
frame1.40.jpg,1280,720,hand,372,418,572,585
frame1.40.jpg,1280,720,hand,675,428,827,623
frame1.41.jpg,1280,720,hand,277,438,460,618
frame1.41.jpg,1280,720,hand,642,465,832,625
frame1.55.jpg,1280,720,hand,510,305,710,468
frame1.55.jpg,1280,720,hand,772,338,950,510
face-269.jpg,1024,961,facew,384,124,665,541
face-241.jpg,1024,681,facew,478,215,854,561
face-255.jpg,1024,1054,facew,298,61,568,395
frame1.69.jpg,1280,720,hand,407,368,597,573
frame1.69.jpg,1280,720,hand,670,350,912,503
frame1.69.jpg,1280,720,hand,712,503,997,710
face-282.jpg,1024,684,facew,472,141,676,342
frame16.49.jpg,1280,720,hand,434,82,646,251
frame16.49.jpg,1280,720,hand,711,97,886,278
face-296.jpg,1024,577,facew,396,15,557,196
frame1.4.jpg,1280,720,hand,525,380,652,533
frame1.4.jpg,1280,720,hand,687,398,835,550
frame5.19.jpg,1280,720,hand,507,293,686,465
frame5.19.jpg,1280,720,hand,700,296,930,473
frame2.10.jpg,1280,720,hand,510,210,675,405
frame2.10.jpg,1280,720,hand,325,210,492,340
frame3.6.jpg,1280,720,hand,335,150,500,360
frame3.6.jpg,1280,720,hand,195,390,520,663
frame3.6.jpg,1280,720,hand,512,155,772,305
face-137.jpg,1024,1455,facew,233,232,833,858
face-123.jpg,1024,1089,facew,335,393,479,529
face-123.jpg,1024,1089,facew,109,399,279,583
face-123.jpg,1024,1089,facew,539,199,698,455
frame10.14.jpg,1280,720,hand,392,177,510,290
frame4.59.jpg,1280,720,hand,505,298,725,523
face-26.jpg,1024,768,facew,282,108,467,345
face-32.jpg,1024,682,facew,508,145,821,561
face-32.jpg,1024,682,facew,257,178,546,647
face-18.jpg,1024,1375,facew,364,233,764,707
face-24.jpg,1024,1134,facew,355,72,445,203
face-24.jpg,1024,1134,facew,611,127,724,254
face-30.jpg,1024,682,facew,305,103,423,271
face-30.jpg,1024,682,facew,617,94,749,281
frame3.46.jpg,1280,720,hand,62,508,402,715
frame5.2.jpg,1280,720,hand,565,204,811,393
face-135.jpg,1024,877,facew,381,94,617,428
face-121.jpg,1024,1536,facew,53,81,618,610
face-109.jpg,1024,754,facew,487,124,645,307
frame3.4.jpg,1280,720,hand,547,63,750,198
frame2.12.jpg,1280,720,hand,525,300,680,415
frame2.12.jpg,1280,720,hand,345,308,512,420
frame5.33.jpg,1280,720,hand,516,316,681,482
frame5.33.jpg,1280,720,hand,691,313,905,477
face-280.jpg,1024,746,facew,457,203,683,469
frame1.6.jpg,1280,720,hand,427,373,605,568
frame1.6.jpg,1280,720,hand,632,408,790,590
face-294.jpg,1024,832,facew,417,69,556,242
face-243.jpg,1024,577,facew,575,85,856,473
face-243.jpg,1024,577,facew,127,97,470,466
face-257.jpg,1024,768,facew,626,253,812,426
frame1.56.jpg,1280,720,hand,562,295,742,455
frame1.56.jpg,1280,720,hand,812,335,1007,505
frame1.42.jpg,1280,720,hand,290,393,477,558
frame1.42.jpg,1280,720,hand,305,575,570,715
face-256.jpg,1024,576,facew,642,285,835,453
face-242.jpg,1024,1583,facew,341,118,794,675
frame1.7.jpg,1280,720,hand,442,373,610,555
frame1.7.jpg,1280,720,hand,642,413,800,585
face-295.jpg,1024,768,facew,576,157,823,415
face-281.jpg,1024,754,facew,270,171,542,523
frame2.13.jpg,1280,720,hand,530,303,677,410
frame2.13.jpg,1280,720,hand,367,295,507,413
frame3.5.jpg,1280,720,hand,382,120,555,340
frame3.5.jpg,1280,720,hand,567,33,795,173
face-108.jpg,1024,576,facew,281,34,460,270
face-120.jpg,1024,683,facew,229,341,317,441
face-120.jpg,1024,683,facew,433,264,524,394
face-120.jpg,1024,683,facew,594,276,691,411
face-120.jpg,1024,683,facew,777,227,879,405
face-134.jpg,1024,1164,facew,285,138,565,491
frame5.3.jpg,1280,720,hand,548,195,770,411
frame3.47.jpg,1280,720,hand,47,460,350,715
face-31.jpg,1024,683,facew,498,145,770,499
face-25.jpg,1024,678,facew,379,30,476,178
face-19.jpg,1024,1476,facew,366,151,802,751
